{
  "crop": "damask_rose",
  "target": "damask_rose_rule_score",
  "n_rows": 37871,
  "n_train": 28403,
  "n_test": 9468,
  "mae": 0.5236057023939846,
  "r2": 0.9921224337455283
}